{
    "C": 1.03439984,
    "T": 1.75418438,
    "G": 9.80665,
    "T0": 1e-7,
    "N": {
        "min": 3,
        "max": 10000,
        "step": 1
    }
}